{
  "degree": 3,
  "r2_overall": 0.9891372414463304,
  "r2_per_tray": [
    0.9958392424884281,
    0.9927213638486172,
    0.9865912914159743,
    0.9813970680323019
  ],
  "mae_per_tray_k": [
    0.24801576659661437,
    0.19080300857354987,
    0.154360393225878,
    0.11414758692952935
  ],
  "n_train": 81,
  "n_test": 21
}